iteration,cumulative_seconds,relative_gap
1,0.022001,9.130638191978
2,0.043442,1.431660597059
3,0.063173,1.246956940399
4,0.096725,0.527006363355
5,0.117854,0.246038728268
6,0.140338,0.176823886119
7,0.163657,0.144458116304
8,0.185006,0.127409485440
9,0.209741,0.113683694769
10,0.230390,0.102047057187
11,0.250862,0.089207550862
12,0.269259,0.081049794107
13,0.293228,0.075252116604
14,0.318288,0.068017476506
15,0.342755,0.066440240039
16,0.361884,0.059864542425
17,0.381747,0.055759926355
18,0.399992,0.052402886859
19,0.419861,0.049369917891
20,0.443765,0.049123444933
21,0.462511,0.046329901242
22,0.480228,0.042578213599
23,0.497643,0.041426957216
24,0.518167,0.038868490666
25,0.540873,0.037077858548
26,0.561011,0.036480554325
27,0.581217,0.035744428873
28,0.599524,0.033794854447
29,0.618953,0.032200272177
30,0.636852,0.032098174939
31,0.656077,0.030146039890
32,0.679100,0.029187286274
33,0.699064,0.028188042727
34,0.719782,0.027460075225
35,0.739601,0.027101379992
36,0.759555,0.026919264251
37,0.780021,0.025010053664
38,0.800236,0.024823754825
39,0.820524,0.024175458247
40,0.837886,0.023079281222
41,0.859035,0.022932037236
42,0.964136,0.022575594430
43,0.992813,0.021808024639
44,1.029644,0.021156172295
45,1.066098,0.020810764593
46,1.094121,0.020238135360
47,1.116093,0.020099994396
48,1.141835,0.019357403202
49,1.163699,0.019245868374
50,1.183398,0.019320539451
51,1.203547,0.018121379082
52,1.231794,0.017985889952
53,1.263396,0.017655056916
54,1.297670,0.017500145029
55,1.324879,0.017295270905
56,1.352949,0.016453062765
57,1.384669,0.016413409908
58,1.410463,0.016128202643
59,1.428947,0.015670691203
60,1.448618,0.015668616899
61,1.467367,0.015134910654
62,1.489825,0.014799697337
63,1.513365,0.015204278720
64,1.533333,0.014835379705
65,1.553352,0.014478339636
66,1.574581,0.014287635046
67,1.593009,0.013775188201
68,1.622457,0.013680254990
69,1.643738,0.013708035658
70,1.662653,0.013164870077
71,1.682622,0.013115720645
72,1.701380,0.013122334883
73,1.729085,0.012728081304
74,1.763521,0.012725801515
75,1.786202,0.012381954889
76,1.812201,0.012219159412
77,1.842847,0.012086432170
78,1.877958,0.012052349650
79,1.900926,0.011965330624
80,1.923854,0.011802685393
81,1.945417,0.011265503850
82,1.966785,0.011357788688
83,1.992715,0.011456471617
84,2.012318,0.010983092996
85,2.031727,0.010972453821
86,2.051720,0.010948195254
87,2.074180,0.010609107248
88,2.096387,0.010644395132
89,2.118882,0.010693280149
90,2.138947,0.010173092272
91,2.160300,0.010204015974
92,2.181659,0.010233381850
93,2.203784,0.010012983168
94,2.230847,0.009901881883
95,2.249941,0.009936811364
96,2.277750,0.009495337893
97,2.300850,0.009535202814
98,2.328957,0.009575214567
99,2.352433,0.009292424783
100,2.371581,0.009332937976
101,2.392879,0.009412471266
102,2.414655,0.009007420293
103,2.434627,0.008991914791
104,2.453956,0.008734549773
105,2.474729,0.008785597317
106,2.494468,0.009032996952
107,2.519313,0.008804573557
108,2.539017,0.008731702047
109,2.566048,0.008427328300
110,2.587262,0.008494785316
111,2.607413,0.008493011642
112,2.628851,0.008233462715
113,2.715772,0.008113483454
114,2.745054,0.008110654471
115,2.764652,0.008048800018
116,2.785109,0.007995344681
117,2.807907,0.008121932301
118,2.828212,0.007902413907
119,2.849102,0.007646550247
120,2.868252,0.007824147424
121,2.887696,0.007734530880
122,2.912182,0.007495382986
123,2.930739,0.007453189458
124,2.950567,0.007442133356
125,2.969821,0.007356427865
126,2.991146,0.007404432960
127,3.012666,0.007302979130
128,3.032307,0.007238192860
129,3.052513,0.007229490733
130,3.072477,0.007063297004
131,3.094581,0.007140137243
132,3.115061,0.007015858387
133,3.134587,0.007138789413
134,3.163378,0.006847663645
135,3.184048,0.006823762255
136,3.202375,0.007043556343
137,3.224274,0.006763841189
138,3.246442,0.006701908805
139,3.265421,0.006765450174
140,3.287520,0.006508135280
141,3.308972,0.006605085665
142,3.328254,0.006642009068
143,3.348151,0.006470904546
144,3.367968,0.006464580486
145,3.396876,0.006506148202
146,3.421224,0.006246844295
147,3.442425,0.006348178963
148,3.463247,0.006494243342
149,3.486727,0.006211536870
150,3.526134,0.006103064332
151,3.549342,0.006004100604
152,3.572274,0.006028274348
153,3.596651,0.006332311862
154,3.620466,0.006166486216
155,3.651666,0.005917539199
156,3.678123,0.005900171417
157,3.699404,0.005963482550
158,3.724452,0.006040364543
159,3.751312,0.005830655581
160,3.779519,0.005802618997
161,3.803116,0.005684788605
162,3.828747,0.005833161769
163,3.862949,0.005746212066
164,3.891616,0.005695999446
165,3.915673,0.005608595807
166,3.936098,0.005570249466
167,3.966059,0.005609734484
168,3.996521,0.005491134625
169,4.019021,0.005516276665
170,4.039829,0.005397079380
171,4.061322,0.005445580233
172,4.082705,0.005378918322
173,4.117692,0.005412476540
174,4.145599,0.005320069570
175,4.165859,0.005239151217
176,4.186123,0.005286769115
177,4.219501,0.005220259083
178,4.243153,0.005197447001
179,4.264203,0.005069779746
180,4.288192,0.005165576534
181,4.310141,0.005182364023
182,4.332718,0.005150397776
183,4.359399,0.004924990462
184,4.382407,0.005019516549
185,4.401646,0.005163648020
186,4.426264,0.004900471993
187,4.452155,0.004995177039
188,4.475272,0.005087313559
189,4.494692,0.004926784591
190,4.515590,0.004899564391
191,4.534268,0.004948938679
192,4.559336,0.004781713989
193,4.584929,0.004768934956
194,4.602436,0.004992836928
195,4.625744,0.004785035625
196,4.646675,0.004618388045
197,4.665854,0.004778958178
198,4.691891,0.004589144509
199,4.715840,0.004710319264
200,4.735936,0.004726352111
201,4.758129,0.004591346412
202,4.781049,0.004604086671
203,4.807331,0.004582378052
204,4.826784,0.004485582111
205,4.846965,0.004557725339
206,4.866914,0.004385438036
207,4.889785,0.004466766404
208,4.911147,0.004485300019
209,4.938818,0.004462998650
210,4.960796,0.004329961687
211,4.982982,0.004499719223
212,5.001528,0.004418476132
213,5.022715,0.004477002150
214,5.048491,0.004287849027
215,5.068484,0.004339207169
216,5.091069,0.004392198475
217,5.111120,0.004295756422
218,5.131577,0.004265139219
219,5.158207,0.004287024856
220,5.179824,0.004240977634
221,5.201602,0.004252199238
222,5.226388,0.004178417413
223,5.248870,0.004181498024
224,5.267857,0.004122877907
225,5.293980,0.004097185507
226,5.314183,0.004053417641
227,5.336141,0.004146886871
228,5.359007,0.004092477744
229,5.382408,0.004059647519
230,5.407600,0.003989764753
231,5.427502,0.004035226892
232,5.449106,0.003973934364
233,5.471119,0.004009243683
234,5.492686,0.003920654312
235,5.513106,0.003861700206
236,5.535804,0.003961757761
237,5.558915,0.003941886862
238,5.579468,0.003864243829
239,5.598707,0.003783938579
240,5.617260,0.003856878492
241,5.639261,0.003910756396
242,5.660446,0.003871264143
243,5.680139,0.003856409909
244,5.701421,0.003698045309
245,5.720996,0.003831554512
246,5.745761,0.003752630535
247,5.766365,0.003709047855
248,5.785534,0.003686083495
249,5.803700,0.003709660737
250,5.823320,0.003811350699
251,5.842462,0.003662290242
252,5.862618,0.003653674220
253,5.882340,0.003712012684
254,5.902140,0.003716162413
255,5.921095,0.003662743615
256,5.942799,0.003597384995
257,5.960970,0.003596335993
258,5.983452,0.003663032054
259,6.001962,0.003498979286
260,6.023542,0.003490852520
261,6.042150,0.003729323690
262,6.060252,0.003579052400
263,6.079701,0.003520654298
264,6.101988,0.003486157715
265,6.123222,0.003446949395
266,6.142635,0.003474252189
267,6.161535,0.003450663143
268,6.180809,0.003548731725
269,6.199573,0.003478319394
270,6.224724,0.003391201013
271,6.245069,0.003401986435
272,6.263457,0.003415602995
273,6.283605,0.003323779285
274,6.301497,0.003448508078
275,6.320936,0.003370072770
276,6.342613,0.003314547763
277,6.362518,0.003488288737
278,6.382349,0.003342739314
279,6.402166,0.003269734138
280,6.421700,0.003325320691
281,6.440974,0.003248071442
282,6.464248,0.003265397193
283,6.485367,0.003326443633
284,6.503329,0.003168043812
285,6.524125,0.003214168932
286,6.543660,0.003260999341
287,6.562397,0.003222884065
288,6.583751,0.003315164966
289,6.602895,0.003163024386
290,6.622931,0.003158144738
291,6.642689,0.003280596889
292,6.661646,0.003161838021
293,6.682933,0.003102964828
294,6.703608,0.003263210317
295,6.724232,0.003172730478
296,6.743174,0.003059812521
297,6.761858,0.003125621688
298,6.782836,0.003018798545
299,6.802495,0.003151440593
300,6.821980,0.003125487927
301,6.839903,0.003052607162
302,6.859137,0.003007750907
303,6.878850,0.003140050127
304,6.898570,0.003081026728
305,6.917960,0.003000388782
306,6.944197,0.002990955829
307,6.962181,0.003060921422
308,6.982130,0.002998452683
309,7.000524,0.002990167017
310,7.019742,0.003001865831
311,7.038206,0.002980694213
312,7.063812,0.003004359206
313,7.081746,0.002930081699
314,7.099825,0.002964232449
315,7.119470,0.002920040492
316,7.141949,0.002953215321
317,7.164411,0.002917862785
318,7.185567,0.002863517419
319,7.205557,0.002870210172
320,7.226363,0.002883241816
321,7.247760,0.002870194426
322,7.266548,0.002893957177
323,7.285606,0.002844513915
324,7.304397,0.002827975971
325,7.324198,0.002846476349
326,7.342705,0.002913954178
327,7.360806,0.002776389419
328,7.379769,0.002834110725
329,7.401412,0.002862198949
330,7.422512,0.002774280913
331,7.442728,0.002815612660
332,7.462470,0.002809912325
333,7.482645,0.002785309029
334,7.501103,0.002772455082
335,7.524678,0.002783198108
336,7.545467,0.002714814275
337,7.563043,0.002806405921
338,7.582291,0.002733912844
339,7.599680,0.002700109606
340,7.620299,0.002703615302
341,7.646952,0.002757147118
342,7.668393,0.002719433014
343,7.691469,0.002678159120
344,7.709764,0.002682438197
345,7.727416,0.002666891076
346,7.750566,0.002727670782
347,7.771002,0.002658875805
348,7.791033,0.002635063272
349,7.809277,0.002710106037
350,7.826955,0.002625506059
351,7.847062,0.002650766909
352,7.864217,0.002651885571
353,7.888334,0.002586777621
354,7.909436,0.002599331604
355,7.927567,0.002648697036
356,7.948074,0.002530727572
357,7.966167,0.002574091087
358,7.985093,0.002614349546
359,8.012607,0.002559806580
360,8.030380,0.002601675288
361,8.049978,0.002598827309
362,8.067551,0.002576613528
363,8.089270,0.002551301076
364,8.109317,0.002541637193
365,8.129164,0.002552422425
366,8.150880,0.002505474809
367,8.168969,0.002509789093
368,8.189337,0.002561597351
369,8.208945,0.002517301165
370,8.229235,0.002481771944
371,8.249329,0.002523721305
372,8.268390,0.002448185847
373,8.288951,0.002492107857
374,8.309997,0.002509804588
375,8.327868,0.002441707349
376,8.348895,0.002423437802
377,8.366180,0.002548933043
378,8.386659,0.002473733339
379,8.409640,0.002405566319
380,8.428006,0.002400095571
381,8.447407,0.002452519512
382,8.466457,0.002396733074
383,8.485728,0.002424306439
384,8.505772,0.002434810163
385,8.525378,0.002404136995
386,8.546473,0.002446612758
387,8.565282,0.002377913496
388,8.591184,0.002384934412
389,8.611426,0.002455128682
390,8.630080,0.002379503042
391,8.650125,0.002335604685
392,8.669064,0.002416107686
393,8.693504,0.002335552447
394,8.717300,0.002350016278
395,8.736603,0.002330656186
396,8.756947,0.002342128757
397,8.776609,0.002329764608
398,8.794643,0.002278979003
399,8.815240,0.002368880697
400,8.836334,0.002308382794
401,8.857438,0.002278566253
402,8.877832,0.002337855517
403,8.896896,0.002342350303
404,8.917892,0.002255058281
405,8.946483,0.002293172821
406,8.964167,0.002320427147
407,8.983556,0.002270131341
408,9.001412,0.002301738303
409,9.021444,0.002250474935
410,9.042777,0.002267972317
411,9.067488,0.002296077465
412,9.085930,0.002213136728
413,9.104653,0.002226509122
414,9.124623,0.002241693352
415,9.145282,0.002189390404
416,9.164737,0.002228541388
417,9.184785,0.002313333627
418,9.203355,0.002264035288
419,9.224793,0.002177813930
420,9.244678,0.002176881939
421,9.262855,0.002215079392
422,9.289736,0.002173105309
423,9.309697,0.002184967178
424,9.328622,0.002201680958
425,9.347784,0.002216471585
426,9.364904,0.002201213608
427,9.385369,0.002177462128
428,9.407178,0.002152488384
429,9.431130,0.002190450487
430,9.452062,0.002153883259
431,9.473681,0.002132211367
432,9.496163,0.002113332429
433,9.517330,0.002139655064
434,9.538514,0.002088763953
435,9.559374,0.002098439844
436,9.581294,0.002118474192
437,9.600080,0.002135265694
438,9.620245,0.002085455076
439,9.642548,0.002119734051
440,9.664309,0.002078656391
441,9.684720,0.002142733592
442,9.703112,0.002116511871
443,9.725264,0.002030945048
444,9.823147,0.002082583520
445,9.860089,0.002122327222
446,9.885726,0.002020944228
447,9.912072,0.002064432594
448,9.932716,0.002106781979
449,9.955993,0.002024559796
450,9.979054,0.002066201492
451,10.002514,0.002079515217
452,10.024454,0.002043836226
453,10.044063,0.002036916449
454,10.065896,0.002007737035
455,10.087785,0.001983338723
456,10.108379,0.002050105300
457,10.130338,0.002025067761
458,10.151518,0.002046238321
459,10.176794,0.001993100304
460,10.199012,0.002046697193
461,10.222619,0.002019251853
462,10.248566,0.001952260646
463,10.269298,0.002016456138
464,10.292549,0.001977132290
465,10.312694,0.002003698418
466,10.333639,0.001986759358
467,10.352900,0.001944463178
468,10.372877,0.001968923588
469,10.394011,0.002004044856
470,10.415308,0.002014217357
471,10.434521,0.001976329706
472,10.457703,0.001898215899
473,10.483400,0.001940133303
474,10.506462,0.001992263860
475,10.527296,0.001960900333
476,10.549360,0.001945863214
477,10.570405,0.001924191172
478,10.595858,0.001897053308
479,10.618666,0.002011027772
480,10.639726,0.001916478609
481,10.661930,0.001907171216
482,10.683364,0.001908243434
483,10.706037,0.001889125926
484,10.730822,0.001933499033
485,10.753158,0.001936554909
486,10.777518,0.001881084089
487,10.799296,0.001904104486
488,10.824771,0.001910050274
489,10.846726,0.001910144557
490,10.866418,0.001905078956
491,10.888752,0.001878777690
492,10.911618,0.001828205559
493,10.931422,0.001892409866
494,10.961565,0.001869565703
495,10.983999,0.001862044187
496,11.004728,0.001873699148
497,11.025305,0.001841597494
498,11.047024,0.001886287551
499,11.068651,0.001850639133
500,11.090601,0.001855895247
501,11.112364,0.001880781331
502,11.131515,0.001832220472
503,11.152356,0.001893978351
504,11.175863,0.001834841178
505,11.196503,0.001837337012
506,11.216150,0.001856955379
507,11.234946,0.001823688693
508,11.257089,0.001787694079
509,11.279452,0.001840716740
510,11.302842,0.001847566076
511,11.323644,0.001852042377
512,11.345303,0.001809201956
513,11.364218,0.001785342381
514,11.385126,0.001821478633
515,11.405785,0.001817504819
516,11.428253,0.001798467908
517,11.448442,0.001786620595
518,11.468006,0.001772041555
519,11.489523,0.001770849307
520,11.509731,0.001751709763
521,11.529037,0.001766128531
522,11.553501,0.001731447238
523,11.576767,0.001777588224
524,11.596773,0.001758447539
525,11.618669,0.001812988314
526,11.643423,0.001771846055
527,11.665027,0.001701077501
528,11.690600,0.001741875740
529,11.712507,0.001781948897
530,11.731155,0.001747409175
531,11.752467,0.001753744786
532,11.780503,0.001752833171
533,11.798987,0.001717767566
534,11.819954,0.001713902472
535,11.839505,0.001696712084
536,11.860192,0.001750920687
537,11.881318,0.001747521309
538,11.903505,0.001746213807
539,11.926444,0.001719917485
540,11.948291,0.001701612443
541,11.971164,0.001700082537
542,11.994819,0.001736589066
543,12.025204,0.001722905641
544,12.048388,0.001724790995
545,12.067872,0.001710915141
546,12.091923,0.001662130640
547,12.113136,0.001678078871
548,12.142090,0.001715706330
549,12.161849,0.001680959946
550,12.183249,0.001653390019
551,12.202985,0.001627781351
552,12.227154,0.001736753448
553,12.258521,0.001674412474
554,12.280205,0.001642620493
555,12.300055,0.001708936745
556,12.320343,0.001632678678
557,12.343441,0.001667820937
558,12.366592,0.001673199479
559,12.389124,0.001676063679
560,12.412014,0.001652084570
561,12.430800,0.001648345355
562,12.450662,0.001657659817
563,12.471625,0.001645482557
564,12.495938,0.001606051892
565,12.515983,0.001671870476
566,12.589824,0.001654713372
567,12.625539,0.001644471266
568,12.646954,0.001638524330
569,12.669431,0.001583649887
570,12.692247,0.001595548472
571,12.719418,0.001674344082
572,12.742178,0.001623723608
573,12.762918,0.001614321385
574,12.783826,0.001604318037
575,12.803112,0.001602077519
576,12.827439,0.001619114052
577,12.853876,0.001600597273
578,12.874643,0.001606614927
579,12.896513,0.001623534187
580,12.918253,0.001572970828
581,12.938046,0.001598538716
582,12.967466,0.001625204105
583,12.990379,0.001588136026
584,13.013009,0.001598470613
585,13.032326,0.001567574273
586,13.052124,0.001616755783
587,13.083495,0.001604074102
588,13.102571,0.001554016577
589,13.125211,0.001554696361
590,13.146063,0.001573209700
591,13.165263,0.001608183936
592,13.187480,0.001536349351
593,13.212807,0.001582844746
594,13.231856,0.001573931006
595,13.252925,0.001529908022
596,13.270621,0.001581155537
597,13.290670,0.001584783999
598,13.311517,0.001548956319
599,13.329010,0.001527258256
600,13.349798,0.001557245821
601,13.367477,0.001538310563
602,13.387902,0.001538579815
603,13.408310,0.001492698231
604,13.429693,0.001566073713
605,13.448934,0.001549593259
606,13.467299,0.001506664844
607,13.487028,0.001534900834
608,13.505203,0.001532571457
609,13.524622,0.001497580613
610,13.551535,0.001533629251
611,13.569332,0.001516929486
612,13.592898,0.001494962733
613,13.615680,0.001528335982
614,13.633970,0.001515197799
615,13.656332,0.001503878055
616,13.683276,0.001501721663
617,13.701225,0.001465268442
618,13.722877,0.001523525938
619,13.744028,0.001477434248
620,13.762299,0.001439913627
621,13.791323,0.001483152575
622,13.810913,0.001520778692
623,13.831502,0.001493014744
624,13.852919,0.001472414368
625,13.877188,0.001453818422
626,13.898953,0.001510314160
627,13.920292,0.001507987824
628,13.938745,0.001461507108
629,13.958932,0.001448800744
630,13.978829,0.001474048085
631,13.996454,0.001467505199
632,14.017500,0.001485410211
633,14.035633,0.001494485715
634,14.055956,0.001458437389
635,14.075127,0.001430988335
636,14.093585,0.001446858055
637,14.112393,0.001468838859
638,14.130636,0.001525864872
639,14.155929,0.001433950404
640,14.177235,0.001420177945
641,14.195772,0.001451436915
642,14.216222,0.001444213659
643,14.233841,0.001440094379
644,14.266645,0.001445350517
645,14.286132,0.001426115722
646,14.305939,0.001444991397
647,14.326632,0.001421843784
648,14.346120,0.001449391214
649,14.369753,0.001413836550
650,14.394399,0.001433295617
651,14.413780,0.001437614511
652,14.432577,0.001395898610
653,14.451661,0.001438096056
654,14.470732,0.001398828827
655,14.496803,0.001395740078
656,14.515924,0.001430189828
657,14.533971,0.001413759448
658,14.555648,0.001418735351
659,14.575214,0.001428444809
660,14.593717,0.001370952335
661,14.616805,0.001390225195
662,14.639042,0.001414181349
663,14.660131,0.001372700323
664,14.680562,0.001377349074
665,14.697848,0.001418863774
666,14.731504,0.001374300022
667,14.757429,0.001388953906
668,14.779012,0.001346010984
669,14.797681,0.001382659374
670,14.821285,0.001443655318
671,14.860146,0.001363609933
672,14.881815,0.001345658801
673,14.904946,0.001413281250
674,14.928444,0.001384586927
675,14.950227,0.001338432106
676,14.982572,0.001362250719
677,15.003042,0.001396667734
678,15.026019,0.001344404173
679,15.050346,0.001386823842
680,15.089793,0.001397425524
681,15.114851,0.001352492571
682,15.136908,0.001330354937
683,15.158329,0.001380267131
684,15.180444,0.001330867911
685,15.210268,0.001340615628
686,15.231386,0.001356827322
687,15.257449,0.001332186137
688,15.281253,0.001366411182
689,15.300745,0.001327385060
690,15.395990,0.001320423968
691,15.418399,0.001373891021
692,15.446412,0.001330200097
693,15.477225,0.001330085712
694,15.501602,0.001340338000
695,15.525106,0.001351196548
696,15.554234,0.001326504134
697,15.576990,0.001298689593
698,15.600279,0.001337555091
699,15.621983,0.001322407794
700,15.643362,0.001317708358
701,15.663375,0.001341279795
702,15.689875,0.001315924183
703,15.711987,0.001344834953
704,15.732156,0.001319668206
705,15.755039,0.001302195584
706,15.791188,0.001295975000
707,15.812681,0.001295138533
708,15.832275,0.001294730132
709,15.856566,0.001325839301
710,15.877360,0.001301373249
711,15.898892,0.001308348056
712,15.922126,0.001301842168
713,15.941507,0.001295776550
714,15.960530,0.001301038136
715,15.980555,0.001316098018
716,15.999418,0.001270690315
717,16.023073,0.001280868108
718,16.046324,0.001271399730
719,16.064818,0.001266617452
720,16.084191,0.001314560902
721,16.102269,0.001275936535
722,16.125639,0.001281586211
723,16.154065,0.001308432318
724,16.174464,0.001276125119
725,16.194623,0.001260662948
726,16.216351,0.001278881325
727,16.234838,0.001261487180
728,16.263899,0.001250389682
729,16.282947,0.001250794960
730,16.300777,0.001271257436
731,16.325644,0.001270196714
732,16.345810,0.001291889880
733,16.365077,0.001249864008
734,16.390217,0.001257426912
735,16.410610,0.001295373118
736,16.429723,0.001246353315
737,16.448683,0.001239244679
738,16.466694,0.001224004201
739,16.486347,0.001244228667
740,16.506592,0.001251281805
741,16.528711,0.001250709865
742,16.548875,0.001234305796
743,16.566821,0.001264829903
744,16.588587,0.001275382921
745,16.615893,0.001209130561
746,16.635683,0.001225584505
747,16.657584,0.001272620278
748,16.677829,0.001240496689
749,16.696720,0.001227519367
750,16.717124,0.001267524676
751,16.746381,0.001226072365
752,16.765005,0.001211996791
753,16.783924,0.001218752858
754,16.801881,0.001249445006
755,16.823814,0.001201194308
756,16.849472,0.001211154793
757,16.868542,0.001226354815
758,16.890846,0.001199548838
759,16.910085,0.001217733725
760,16.928881,0.001210883475
761,16.950183,0.001207553515
762,16.970562,0.001210523824
763,16.989660,0.001215424924
764,17.008964,0.001237262902
765,17.027819,0.001201379034
766,17.046074,0.001167503626
767,17.064512,0.001245242603
768,17.085838,0.001201313277
769,17.107836,0.001175626344
770,17.127109,0.001198489610
771,17.147301,0.001175158018
772,17.165932,0.001205075540
773,17.186710,0.001204891198
774,17.216900,0.001200151640
775,17.235299,0.001198084523
776,17.254278,0.001212297478
777,17.274589,0.001159373207
778,17.293728,0.001192556864
779,17.317618,0.001189475240
780,17.342246,0.001171938099
781,17.361338,0.001200780516
782,17.380632,0.001191129118
783,17.398128,0.001151720752
784,17.416909,0.001203648588
785,17.435640,0.001174590112
786,17.457383,0.001165895225
787,17.475510,0.001183883296
788,17.494404,0.001187804737
789,17.513725,0.001200371305
790,17.531756,0.001153092939
791,17.553357,0.001147086010
792,17.581710,0.001169651816
793,17.599719,0.001152664931
794,17.619207,0.001168959601
795,17.640354,0.001197112001
796,17.659324,0.001143755051
797,17.691382,0.001163101370
798,17.710561,0.001157802150
799,17.729655,0.001163051051
800,17.750432,0.001181125738
801,17.768938,0.001155695106
802,17.790399,0.001144030973
803,17.812092,0.001144687817
804,17.834758,0.001145842945
805,17.856739,0.001138733555
806,17.877006,0.001133282529
807,17.952630,0.001152129352
808,17.992469,0.001153390402
809,18.013399,0.001158583083
810,18.033113,0.001129243908
811,18.053475,0.001138025067
812,18.072380,0.001140580781
813,18.091222,0.001110636493
814,18.111360,0.001134410601
815,18.130886,0.001116749145
816,18.161926,0.001158956139
817,18.184542,0.001123626233
818,18.203418,0.001109871887
819,18.223136,0.001158302218
820,18.245224,0.001128876427
821,18.266116,0.001134449089
822,18.284742,0.001129064253
823,18.302588,0.001120368288
824,18.323057,0.001112900590
825,18.341385,0.001129658214
826,18.361244,0.001128522115
827,18.383663,0.001113234208
828,18.402210,0.001106272513
829,18.421637,0.001088513589
830,18.441717,0.001130555279
831,18.459001,0.001113972896
832,18.476980,0.001130291159
833,18.495991,0.001093917379
834,18.518142,0.001120059734
835,18.541399,0.001117413495
836,18.561082,0.001097273515
837,18.581472,0.001138473287
838,18.599190,0.001099739750
839,18.623101,0.001085645708
840,18.642898,0.001126490065
841,18.660731,0.001098908963
842,18.681603,0.001080493108
843,18.700525,0.001098610082
844,18.720423,0.001072362587
845,18.742081,0.001114254049
846,18.762819,0.001080275262
847,18.784043,0.001075160859
848,18.802479,0.001120487883
849,18.823583,0.001078619331
850,18.844053,0.001098555588
851,18.864281,0.001071427699
852,18.883799,0.001116767233
853,18.902345,0.001071782205
854,18.922030,0.001098018305
855,18.940233,0.001092250641
856,18.959363,0.001086537489
857,18.983635,0.001093916910
858,19.001272,0.001096264414
859,19.019899,0.001048013007
860,19.039884,0.001086359910
861,19.058396,0.001071724564
862,19.077107,0.001036176770
863,19.095978,0.001096590535
864,19.114630,0.001074625462
865,19.132702,0.001041448472
866,19.152353,0.001073425980
867,19.170809,0.001071147522
868,19.193156,0.001072485110
869,19.217018,0.001075856762
870,19.234874,0.001057684878
871,19.253160,0.001034852469
872,19.270859,0.001082793169
873,19.291171,0.001056364407
874,19.310677,0.001049147282
875,19.333043,0.001057175458
876,19.353074,0.001054646539
877,19.371307,0.001060248378
878,19.391703,0.001048416005
879,19.414839,0.001035591681
880,19.432963,0.001088805545
881,19.454366,0.001050074988
882,19.471026,0.001056947889
883,19.491034,0.001072400071
884,19.510798,0.001027850155
885,19.530539,0.001036366408
886,19.550768,0.001047447297
887,19.578759,0.001018919853
888,19.600131,0.001071082802
889,19.620567,0.001046953947
890,19.639361,0.001020947502
891,19.659899,0.001027395700
892,19.687731,0.001100025085
893,19.706535,0.001033763317
894,19.727245,0.001019873360
895,19.746794,0.001019071599
896,19.766733,0.001035595366
897,19.788006,0.001046437513
898,19.809593,0.001037783329
899,19.829443,0.001018312982
900,19.851160,0.001031212170
901,19.871124,0.001045644710
902,19.891893,0.001036617127
903,19.915951,0.001008345557
904,19.940060,0.001020311797
905,19.960392,0.001019043788
906,19.981618,0.001036812294
907,20.000728,0.001030667663
908,20.021346,0.001007571638
909,20.042854,0.001018847584
910,20.069642,0.001032571954
911,20.092821,0.001002937673
912,20.112376,0.001034773187
913,20.130929,0.001005066453
914,20.149077,0.000993751283
915,20.168080,0.001031858919
916,20.188864,0.000997122857
917,20.212403,0.000991738803
918,20.231509,0.001042883493
919,20.251221,0.001003392394
920,20.269882,0.001011113313
921,20.295437,0.001014853465
922,20.314988,0.000981491511
923,20.333559,0.001005704887
924,20.354157,0.001017321020
925,20.375580,0.000998141413
926,20.394167,0.001002295579
927,20.418105,0.001003031223
928,20.438604,0.001009526440
929,20.460374,0.000992256931
930,20.482050,0.000992144743
931,20.501064,0.000991121832
932,20.527941,0.000976819269
933,20.550301,0.001007457576
934,20.572170,0.000999566119
935,20.672914,0.000979013249
936,20.706239,0.000991525305
937,20.736263,0.000999559679
938,20.769258,0.000976534801
939,20.796309,0.001008080451
940,20.819302,0.000988471633
941,20.843915,0.000976587319
942,20.864376,0.000991863699
943,20.886061,0.000980277587
944,20.908982,0.000984474699
945,20.930830,0.000958709285
946,20.951046,0.000991518565
947,20.970728,0.000985392515
948,20.998469,0.000955159552
949,21.023708,0.000966851862
950,21.045149,0.000973951214
951,21.067373,0.000968309198
952,21.091917,0.000980131610
953,21.112972,0.000966062585
954,21.131603,0.000966612424
955,21.152184,0.000959829683
956,21.174355,0.000966278856
957,21.197206,0.000973721171
958,21.227799,0.000972384842
959,21.251750,0.000969580072
960,21.275700,0.000959061340
961,21.297140,0.000963682864
962,21.319808,0.000960007335
963,21.349242,0.000955848500
964,21.369469,0.000952925369
965,21.393720,0.000974209985
966,21.415915,0.000949195439
967,21.434299,0.000946175912
968,21.458617,0.000931421998
969,21.480284,0.000956687243
970,21.499378,0.001001059055
971,21.522826,0.000934466200
972,21.546182,0.000946423883
973,21.568793,0.000973159986
974,21.592733,0.000946282658
975,21.615257,0.000962767650
976,21.634194,0.000939781093
977,21.658239,0.000944121748
978,21.680817,0.000950144135
979,21.700991,0.000952473438
980,21.722875,0.000935933886
981,21.745904,0.000955552443
982,21.765538,0.000917378475
983,21.785125,0.000935310632
984,21.806753,0.000969851377
985,21.831410,0.000944604238
986,21.853652,0.000949353344
987,21.877992,0.000919073830
988,21.896783,0.000930009694
989,21.917675,0.000921741424
990,21.948128,0.000952604213
991,21.968399,0.000940967102
992,21.991173,0.000938840539
993,22.012170,0.000924993507
994,22.031390,0.000907764504
995,22.059850,0.000929694053
996,22.082466,0.000955803367
997,22.101867,0.000927949497
998,22.124185,0.000924201050
999,22.145972,0.000918451209
1000,22.180722,0.000935507703
# total_runtime,22.184169,final_gap,0.0009355077030819512
